rotation,avg(consumption)
180.0,493656.80581934506
225.0,501706.7000261615
315.0,572957.251747687
135.0,560840.1744919369
45.0,509111.6500457943
90.0,514079.0686986252
0.0,515557.2776695622
270.0,511900.82497450995
